Model,Not Scaled (%),Min Max Scaled (%),Std Scaled (%)
GBDT,93.92602647,93.62063115,93.99389209
LR,96.23345775,96.13165931,96.13165931
RF,92.84017645,92.56871395,92.77231082
DT,85.54462165,86.63047167,85.81608415
GNB,77.02748558,77.02748558,77.02748558
SVM,96.47098744,96.43705463,95.65659993
kNN,90.46487954,90.70240923,88.90397014
